id_pelanggan,nama,rayon,daya,tarif,tanggal_tagihan,status_tunggakan,besar_tagihan
PLN00001,Pelanggan_1,Teluk Betung,2200,R1,2024-01-04,Tunggak,407257
PLN00002,Pelanggan_2,Panjang,450,R1,2024-03-21,Lunas,698357
PLN00003,Pelanggan_3,Rajabasa,3500,R3,2024-03-16,Lunas,329189
PLN00004,Pelanggan_4,Panjang,1300,R2,2024-02-28,Lunas,498465
PLN00005,Pelanggan_5,Panjang,1300,R1,2024-04-27,Tunggak,351051
PLN00006,Pelanggan_6,Tanjung Karang,450,R3,2024-01-22,Tunggak,749829
PLN00007,Pelanggan_7,Rajabasa,2200,R2,2024-05-03,Lunas,813936
PLN00008,Pelanggan_8,Rajabasa,2200,R1,2024-02-14,Tunggak,611778
PLN00009,Pelanggan_9,Rajabasa,3500,R2,2024-05-14,Lunas,880641
PLN00010,Pelanggan_10,Panjang,450,R3,2024-02-19,Tunggak,371830
PLN00011,Pelanggan_11,Teluk Betung,1300,R1,2024-03-31,Tunggak,605629
PLN00012,Pelanggan_12,Rajabasa,2200,R2,2024-02-14,Lunas,415507
PLN00013,Pelanggan_13,Panjang,450,R1,2024-04-22,Lunas,459687
PLN00014,Pelanggan_14,Tanjung Karang,2200,R2,2024-03-21,Tunggak,756021
PLN00015,Pelanggan_15,Teluk Betung,2200,R3,2024-04-04,Tunggak,275915
PLN00016,Pelanggan_16,Tanjung Karang,1300,R3,2024-03-22,Tunggak,719961
PLN00017,Pelanggan_17,Teluk Betung,900,R1,2024-04-05,Lunas,554179
PLN00018,Pelanggan_18,Panjang,3500,R2,2024-03-27,Tunggak,142828
PLN00019,Pelanggan_19,Kedaton,3500,R1,2024-04-13,Lunas,935036
PLN00020,Pelanggan_20,Teluk Betung,1300,R1,2024-04-30,Lunas,372670
PLN00021,Pelanggan_21,Tanjung Karang,2200,R2,2024-04-15,Tunggak,955342
PLN00022,Pelanggan_22,Panjang,450,R2,2024-01-09,Lunas,125592
PLN00023,Pelanggan_23,Teluk Betung,2200,R2,2024-02-19,Lunas,391126
PLN00024,Pelanggan_24,Kedaton,1300,R3,2024-01-27,Tunggak,886639
PLN00025,Pelanggan_25,Kedaton,3500,R1,2024-02-19,Lunas,332041
PLN00026,Pelanggan_26,Rajabasa,2200,R1,2024-03-03,Lunas,450877
PLN00027,Pelanggan_27,Rajabasa,3500,R3,2024-04-21,Lunas,854296
PLN00028,Pelanggan_28,Tanjung Karang,450,R2,2024-03-15,Lunas,224982
PLN00029,Pelanggan_29,Teluk Betung,3500,R3,2024-01-09,Lunas,356911
PLN00030,Pelanggan_30,Teluk Betung,3500,R3,2024-01-14,Lunas,168619
PLN00031,Pelanggan_31,Rajabasa,900,R3,2024-05-09,Lunas,784688
PLN00032,Pelanggan_32,Teluk Betung,900,R1,2024-05-29,Lunas,408623
PLN00033,Pelanggan_33,Teluk Betung,900,R3,2024-04-28,Lunas,601643
PLN00034,Pelanggan_34,Kedaton,3500,R1,2024-02-02,Lunas,251175
PLN00035,Pelanggan_35,Rajabasa,1300,R1,2024-01-29,Tunggak,270963
PLN00036,Pelanggan_36,Panjang,3500,R1,2024-01-20,Tunggak,241826
PLN00037,Pelanggan_37,Rajabasa,1300,R2,2024-05-16,Tunggak,855343
PLN00038,Pelanggan_38,Panjang,1300,R1,2024-03-30,Tunggak,967869
PLN00039,Pelanggan_39,Kedaton,900,R1,2024-03-11,Tunggak,198540
PLN00040,Pelanggan_40,Tanjung Karang,2200,R2,2024-03-23,Lunas,959414
PLN00041,Pelanggan_41,Teluk Betung,450,R1,2024-04-02,Tunggak,727035
PLN00042,Pelanggan_42,Kedaton,900,R3,2024-05-18,Lunas,286994
PLN00043,Pelanggan_43,Teluk Betung,900,R3,2024-03-08,Tunggak,410375
PLN00044,Pelanggan_44,Tanjung Karang,2200,R1,2024-05-26,Lunas,129301
PLN00045,Pelanggan_45,Tanjung Karang,450,R2,2024-01-31,Lunas,322724
PLN00046,Pelanggan_46,Kedaton,3500,R3,2024-03-29,Lunas,614003
PLN00047,Pelanggan_47,Tanjung Karang,3500,R2,2024-05-30,Lunas,293783
PLN00048,Pelanggan_48,Panjang,900,R2,2024-04-03,Tunggak,796683
PLN00049,Pelanggan_49,Tanjung Karang,450,R3,2024-01-22,Lunas,118752
PLN00050,Pelanggan_50,Teluk Betung,900,R2,2024-01-13,Tunggak,837565
PLN00051,Pelanggan_51,Teluk Betung,1300,R3,2024-05-17,Lunas,984884
PLN00052,Pelanggan_52,Teluk Betung,900,R2,2024-01-12,Tunggak,768755
PLN00053,Pelanggan_53,Teluk Betung,900,R3,2024-05-02,Lunas,317029
PLN00054,Pelanggan_54,Panjang,3500,R1,2024-03-10,Lunas,156273
PLN00055,Pelanggan_55,Rajabasa,3500,R3,2024-01-03,Tunggak,358503
PLN00056,Pelanggan_56,Kedaton,3500,R3,2024-04-20,Tunggak,716166
PLN00057,Pelanggan_57,Teluk Betung,1300,R3,2024-05-29,Tunggak,891327
PLN00058,Pelanggan_58,Tanjung Karang,3500,R3,2024-02-04,Tunggak,219968
PLN00059,Pelanggan_59,Teluk Betung,450,R2,2024-04-24,Lunas,477844
PLN00060,Pelanggan_60,Tanjung Karang,2200,R1,2024-03-03,Tunggak,700847
PLN00061,Pelanggan_61,Tanjung Karang,450,R3,2024-02-09,Tunggak,110699
PLN00062,Pelanggan_62,Teluk Betung,450,R2,2024-02-22,Tunggak,296133
PLN00063,Pelanggan_63,Panjang,3500,R1,2024-03-28,Lunas,634003
PLN00064,Pelanggan_64,Tanjung Karang,2200,R1,2024-04-01,Tunggak,119169
PLN00065,Pelanggan_65,Tanjung Karang,2200,R1,2024-05-14,Tunggak,618652
PLN00066,Pelanggan_66,Teluk Betung,2200,R1,2024-04-02,Tunggak,218413
PLN00067,Pelanggan_67,Tanjung Karang,1300,R3,2024-04-13,Lunas,743552
PLN00068,Pelanggan_68,Tanjung Karang,3500,R3,2024-05-13,Lunas,367926
PLN00069,Pelanggan_69,Teluk Betung,2200,R2,2024-04-23,Tunggak,843537
PLN00070,Pelanggan_70,Teluk Betung,1300,R2,2024-01-22,Tunggak,622988
PLN00071,Pelanggan_71,Kedaton,900,R2,2024-01-29,Lunas,224481
PLN00072,Pelanggan_72,Panjang,900,R1,2024-03-14,Lunas,315400
PLN00073,Pelanggan_73,Panjang,1300,R1,2024-03-25,Tunggak,659873
PLN00074,Pelanggan_74,Tanjung Karang,1300,R3,2024-01-13,Lunas,917114
PLN00075,Pelanggan_75,Panjang,3500,R1,2024-04-16,Lunas,278936
PLN00076,Pelanggan_76,Tanjung Karang,3500,R1,2024-05-06,Tunggak,492136
PLN00077,Pelanggan_77,Kedaton,900,R1,2024-01-21,Lunas,970848
PLN00078,Pelanggan_78,Teluk Betung,2200,R2,2024-04-29,Lunas,548330
PLN00079,Pelanggan_79,Teluk Betung,900,R2,2024-03-30,Lunas,489954
PLN00080,Pelanggan_80,Teluk Betung,2200,R3,2024-01-12,Tunggak,138067
PLN00081,Pelanggan_81,Panjang,2200,R1,2024-02-09,Tunggak,798045
PLN00082,Pelanggan_82,Kedaton,3500,R1,2024-05-16,Lunas,877622
PLN00083,Pelanggan_83,Panjang,450,R3,2024-02-11,Lunas,118073
PLN00084,Pelanggan_84,Panjang,450,R1,2024-02-25,Lunas,136035
PLN00085,Pelanggan_85,Kedaton,1300,R1,2024-02-20,Lunas,296049
PLN00086,Pelanggan_86,Kedaton,3500,R2,2024-04-02,Lunas,333782
PLN00087,Pelanggan_87,Kedaton,2200,R3,2024-03-21,Lunas,714661
PLN00088,Pelanggan_88,Kedaton,450,R3,2024-02-26,Tunggak,969794
PLN00089,Pelanggan_89,Teluk Betung,2200,R3,2024-03-28,Tunggak,714805
PLN00090,Pelanggan_90,Rajabasa,450,R3,2024-03-24,Lunas,689738
PLN00091,Pelanggan_91,Rajabasa,450,R2,2024-02-13,Tunggak,634670
PLN00092,Pelanggan_92,Kedaton,450,R2,2024-02-10,Lunas,826331
PLN00093,Pelanggan_93,Rajabasa,3500,R1,2024-05-28,Tunggak,557828
PLN00094,Pelanggan_94,Rajabasa,900,R1,2024-03-02,Tunggak,845715
PLN00095,Pelanggan_95,Kedaton,2200,R1,2024-04-03,Tunggak,161929
PLN00096,Pelanggan_96,Rajabasa,3500,R1,2024-05-01,Lunas,857771
PLN00097,Pelanggan_97,Panjang,3500,R2,2024-02-04,Lunas,852878
PLN00098,Pelanggan_98,Tanjung Karang,3500,R3,2024-04-03,Tunggak,985296
PLN00099,Pelanggan_99,Tanjung Karang,3500,R2,2024-03-13,Lunas,767689
PLN00100,Pelanggan_100,Kedaton,3500,R1,2024-01-11,Lunas,880965
PLN00101,Pelanggan_101,Teluk Betung,1300,R2,2024-01-18,Lunas,387313
PLN00102,Pelanggan_102,Kedaton,2200,R3,2024-05-05,Tunggak,187468
PLN00103,Pelanggan_103,Teluk Betung,3500,R3,2024-01-11,Lunas,134594
PLN00104,Pelanggan_104,Tanjung Karang,2200,R2,2024-04-17,Lunas,291703
PLN00105,Pelanggan_105,Kedaton,1300,R2,2024-04-20,Tunggak,145033
PLN00106,Pelanggan_106,Panjang,1300,R2,2024-03-19,Tunggak,687421
PLN00107,Pelanggan_107,Rajabasa,2200,R1,2024-02-01,Lunas,173861
PLN00108,Pelanggan_108,Teluk Betung,450,R2,2024-01-24,Lunas,807650
PLN00109,Pelanggan_109,Rajabasa,900,R2,2024-05-05,Tunggak,393894
PLN00110,Pelanggan_110,Rajabasa,450,R2,2024-03-08,Lunas,664749
PLN00111,Pelanggan_111,Kedaton,450,R3,2024-01-10,Lunas,567016
PLN00112,Pelanggan_112,Rajabasa,450,R3,2024-01-22,Lunas,178222
PLN00113,Pelanggan_113,Panjang,3500,R1,2024-05-27,Lunas,736308
PLN00114,Pelanggan_114,Rajabasa,1300,R1,2024-01-09,Lunas,910658
PLN00115,Pelanggan_115,Kedaton,450,R3,2024-05-09,Lunas,893153
PLN00116,Pelanggan_116,Panjang,1300,R3,2024-04-03,Tunggak,644897
PLN00117,Pelanggan_117,Tanjung Karang,2200,R3,2024-04-15,Tunggak,754801
PLN00118,Pelanggan_118,Rajabasa,900,R2,2024-02-23,Lunas,303981
PLN00119,Pelanggan_119,Kedaton,2200,R2,2024-01-31,Lunas,204211
PLN00120,Pelanggan_120,Tanjung Karang,2200,R3,2024-01-27,Tunggak,286321
PLN00121,Pelanggan_121,Tanjung Karang,3500,R2,2024-01-12,Lunas,542111
PLN00122,Pelanggan_122,Teluk Betung,900,R2,2024-04-12,Lunas,587689
PLN00123,Pelanggan_123,Panjang,2200,R1,2024-05-26,Lunas,960952
PLN00124,Pelanggan_124,Rajabasa,2200,R3,2024-02-23,Lunas,556956
PLN00125,Pelanggan_125,Kedaton,900,R3,2024-04-18,Lunas,950741
PLN00126,Pelanggan_126,Teluk Betung,900,R2,2024-04-30,Tunggak,129984
PLN00127,Pelanggan_127,Panjang,2200,R3,2024-01-27,Tunggak,743235
PLN00128,Pelanggan_128,Teluk Betung,900,R1,2024-04-21,Tunggak,829182
PLN00129,Pelanggan_129,Panjang,2200,R1,2024-05-12,Tunggak,105901
PLN00130,Pelanggan_130,Panjang,2200,R1,2024-03-26,Lunas,262624
PLN00131,Pelanggan_131,Rajabasa,3500,R3,2024-04-18,Lunas,322317
PLN00132,Pelanggan_132,Panjang,450,R3,2024-03-24,Tunggak,393199
PLN00133,Pelanggan_133,Teluk Betung,2200,R3,2024-01-01,Lunas,793045
PLN00134,Pelanggan_134,Panjang,1300,R3,2024-05-09,Tunggak,245788
PLN00135,Pelanggan_135,Rajabasa,450,R3,2024-05-03,Lunas,738387
PLN00136,Pelanggan_136,Rajabasa,450,R1,2024-01-03,Lunas,635426
PLN00137,Pelanggan_137,Teluk Betung,450,R2,2024-03-04,Tunggak,790658
PLN00138,Pelanggan_138,Tanjung Karang,3500,R1,2024-05-07,Lunas,123429
PLN00139,Pelanggan_139,Tanjung Karang,2200,R3,2024-03-20,Tunggak,674488
PLN00140,Pelanggan_140,Panjang,3500,R1,2024-05-02,Lunas,302380
PLN00141,Pelanggan_141,Kedaton,2200,R3,2024-05-24,Lunas,541460
PLN00142,Pelanggan_142,Panjang,3500,R3,2024-05-16,Tunggak,872577
PLN00143,Pelanggan_143,Teluk Betung,3500,R1,2024-01-22,Lunas,345127
PLN00144,Pelanggan_144,Teluk Betung,1300,R3,2024-04-21,Tunggak,987700
PLN00145,Pelanggan_145,Teluk Betung,3500,R2,2024-03-04,Tunggak,860801
PLN00146,Pelanggan_146,Teluk Betung,900,R3,2024-03-31,Lunas,117347
PLN00147,Pelanggan_147,Teluk Betung,1300,R2,2024-01-13,Tunggak,772280
PLN00148,Pelanggan_148,Rajabasa,3500,R2,2024-04-14,Lunas,656110
PLN00149,Pelanggan_149,Tanjung Karang,450,R3,2024-05-24,Lunas,664396
PLN00150,Pelanggan_150,Teluk Betung,900,R1,2024-01-10,Lunas,582315
PLN00151,Pelanggan_151,Kedaton,900,R2,2024-05-01,Tunggak,107967
PLN00152,Pelanggan_152,Kedaton,900,R1,2024-03-18,Lunas,997151
PLN00153,Pelanggan_153,Kedaton,1300,R2,2024-03-16,Lunas,636159
PLN00154,Pelanggan_154,Kedaton,3500,R3,2024-01-11,Tunggak,325371
PLN00155,Pelanggan_155,Rajabasa,3500,R3,2024-04-01,Lunas,308524
PLN00156,Pelanggan_156,Kedaton,450,R2,2024-04-10,Lunas,829630
PLN00157,Pelanggan_157,Teluk Betung,450,R3,2024-02-18,Lunas,264685
PLN00158,Pelanggan_158,Panjang,900,R2,2024-01-15,Lunas,652467
PLN00159,Pelanggan_159,Kedaton,450,R3,2024-03-22,Lunas,351537
PLN00160,Pelanggan_160,Rajabasa,1300,R1,2024-03-03,Lunas,807548
PLN00161,Pelanggan_161,Rajabasa,3500,R3,2024-05-30,Lunas,941531
PLN00162,Pelanggan_162,Kedaton,900,R1,2024-01-13,Lunas,659550
PLN00163,Pelanggan_163,Panjang,450,R3,2024-04-26,Tunggak,964645
PLN00164,Pelanggan_164,Kedaton,1300,R1,2024-04-03,Tunggak,479551
PLN00165,Pelanggan_165,Rajabasa,1300,R3,2024-02-08,Lunas,571082
PLN00166,Pelanggan_166,Tanjung Karang,450,R1,2024-04-22,Tunggak,972701
PLN00167,Pelanggan_167,Teluk Betung,3500,R2,2024-01-15,Lunas,160545
PLN00168,Pelanggan_168,Rajabasa,450,R2,2024-02-20,Tunggak,334555
PLN00169,Pelanggan_169,Kedaton,900,R1,2024-02-12,Tunggak,323894
PLN00170,Pelanggan_170,Teluk Betung,450,R3,2024-04-05,Lunas,827506
PLN00171,Pelanggan_171,Kedaton,1300,R1,2024-03-28,Lunas,402066
PLN00172,Pelanggan_172,Kedaton,450,R3,2024-04-23,Tunggak,667201
PLN00173,Pelanggan_173,Tanjung Karang,3500,R2,2024-01-09,Lunas,459177
PLN00174,Pelanggan_174,Teluk Betung,2200,R3,2024-03-21,Lunas,466936
PLN00175,Pelanggan_175,Teluk Betung,450,R2,2024-01-11,Tunggak,350497
PLN00176,Pelanggan_176,Tanjung Karang,3500,R3,2024-03-24,Lunas,543057
PLN00177,Pelanggan_177,Rajabasa,3500,R3,2024-02-27,Tunggak,801692
PLN00178,Pelanggan_178,Kedaton,1300,R3,2024-05-20,Tunggak,585278
PLN00179,Pelanggan_179,Panjang,3500,R1,2024-02-23,Lunas,256104
PLN00180,Pelanggan_180,Kedaton,3500,R1,2024-01-26,Tunggak,793206
PLN00181,Pelanggan_181,Kedaton,3500,R2,2024-01-29,Lunas,814834
PLN00182,Pelanggan_182,Rajabasa,3500,R2,2024-05-09,Lunas,144936
PLN00183,Pelanggan_183,Kedaton,900,R1,2024-04-13,Tunggak,785154
PLN00184,Pelanggan_184,Tanjung Karang,900,R2,2024-05-27,Lunas,816948
PLN00185,Pelanggan_185,Tanjung Karang,1300,R1,2024-04-13,Lunas,302056
PLN00186,Pelanggan_186,Teluk Betung,450,R3,2024-01-12,Tunggak,325469
PLN00187,Pelanggan_187,Panjang,3500,R2,2024-05-10,Lunas,128141
PLN00188,Pelanggan_188,Kedaton,450,R2,2024-05-25,Lunas,237478
PLN00189,Pelanggan_189,Kedaton,450,R1,2024-04-05,Lunas,197359
PLN00190,Pelanggan_190,Rajabasa,1300,R2,2024-03-06,Lunas,254363
PLN00191,Pelanggan_191,Tanjung Karang,3500,R2,2024-04-18,Tunggak,665856
PLN00192,Pelanggan_192,Panjang,3500,R3,2024-02-21,Lunas,721827
PLN00193,Pelanggan_193,Teluk Betung,2200,R2,2024-04-06,Lunas,671139
PLN00194,Pelanggan_194,Tanjung Karang,450,R3,2024-03-10,Lunas,593158
PLN00195,Pelanggan_195,Teluk Betung,450,R1,2024-02-12,Lunas,679111
PLN00196,Pelanggan_196,Rajabasa,900,R2,2024-03-16,Lunas,123312
PLN00197,Pelanggan_197,Rajabasa,2200,R3,2024-03-19,Lunas,527387
PLN00198,Pelanggan_198,Kedaton,900,R1,2024-02-10,Lunas,534995
PLN00199,Pelanggan_199,Panjang,900,R2,2024-01-18,Lunas,824188
PLN00200,Pelanggan_200,Teluk Betung,900,R1,2024-02-04,Lunas,600531
PLN00201,Pelanggan_201,Tanjung Karang,1300,R2,2024-03-18,Lunas,985155
PLN00202,Pelanggan_202,Rajabasa,1300,R1,2024-01-23,Lunas,898843
PLN00203,Pelanggan_203,Kedaton,900,R1,2024-01-08,Tunggak,596037
PLN00204,Pelanggan_204,Kedaton,2200,R3,2024-05-06,Tunggak,349062
PLN00205,Pelanggan_205,Teluk Betung,450,R1,2024-05-20,Lunas,943441
PLN00206,Pelanggan_206,Rajabasa,2200,R2,2024-02-25,Lunas,508638
PLN00207,Pelanggan_207,Panjang,3500,R2,2024-02-13,Lunas,535684
PLN00208,Pelanggan_208,Rajabasa,1300,R3,2024-02-12,Lunas,656659
PLN00209,Pelanggan_209,Teluk Betung,450,R2,2024-04-12,Lunas,157022
PLN00210,Pelanggan_210,Teluk Betung,450,R2,2024-05-28,Lunas,433373
PLN00211,Pelanggan_211,Rajabasa,3500,R2,2024-03-24,Tunggak,199071
PLN00212,Pelanggan_212,Teluk Betung,3500,R1,2024-03-19,Lunas,282268
PLN00213,Pelanggan_213,Rajabasa,900,R1,2024-01-15,Lunas,458918
PLN00214,Pelanggan_214,Tanjung Karang,1300,R2,2024-01-24,Lunas,589626
PLN00215,Pelanggan_215,Rajabasa,1300,R3,2024-05-11,Lunas,388859
PLN00216,Pelanggan_216,Rajabasa,2200,R1,2024-05-19,Tunggak,914037
PLN00217,Pelanggan_217,Teluk Betung,900,R3,2024-05-11,Tunggak,724141
PLN00218,Pelanggan_218,Teluk Betung,900,R2,2024-03-02,Tunggak,655462
PLN00219,Pelanggan_219,Kedaton,900,R2,2024-04-16,Lunas,597660
PLN00220,Pelanggan_220,Kedaton,900,R1,2024-04-15,Tunggak,176373
PLN00221,Pelanggan_221,Tanjung Karang,1300,R2,2024-01-21,Lunas,955684
PLN00222,Pelanggan_222,Kedaton,1300,R1,2024-05-01,Lunas,293021
PLN00223,Pelanggan_223,Rajabasa,900,R2,2024-04-10,Tunggak,293718
PLN00224,Pelanggan_224,Teluk Betung,2200,R2,2024-01-30,Lunas,694305
PLN00225,Pelanggan_225,Kedaton,450,R1,2024-01-10,Tunggak,163037
PLN00226,Pelanggan_226,Kedaton,450,R1,2024-05-26,Lunas,714106
PLN00227,Pelanggan_227,Tanjung Karang,2200,R1,2024-01-27,Tunggak,630836
PLN00228,Pelanggan_228,Tanjung Karang,900,R2,2024-01-30,Lunas,741269
PLN00229,Pelanggan_229,Rajabasa,1300,R2,2024-02-29,Tunggak,334213
PLN00230,Pelanggan_230,Teluk Betung,450,R3,2024-01-31,Lunas,304366
PLN00231,Pelanggan_231,Tanjung Karang,3500,R1,2024-02-02,Lunas,602420
PLN00232,Pelanggan_232,Kedaton,3500,R2,2024-04-18,Lunas,254249
PLN00233,Pelanggan_233,Teluk Betung,2200,R2,2024-05-30,Lunas,386166
PLN00234,Pelanggan_234,Teluk Betung,900,R1,2024-04-25,Lunas,730585
PLN00235,Pelanggan_235,Kedaton,450,R3,2024-05-13,Lunas,760902
PLN00236,Pelanggan_236,Tanjung Karang,900,R1,2024-04-12,Lunas,322084
PLN00237,Pelanggan_237,Kedaton,450,R3,2024-03-25,Lunas,589536
PLN00238,Pelanggan_238,Teluk Betung,2200,R2,2024-01-31,Lunas,160428
PLN00239,Pelanggan_239,Panjang,2200,R3,2024-04-25,Lunas,778100
PLN00240,Pelanggan_240,Panjang,3500,R2,2024-05-13,Tunggak,421497
PLN00241,Pelanggan_241,Rajabasa,900,R1,2024-02-21,Tunggak,737420
PLN00242,Pelanggan_242,Kedaton,3500,R1,2024-02-22,Lunas,287604
PLN00243,Pelanggan_243,Kedaton,900,R1,2024-03-02,Lunas,640340
PLN00244,Pelanggan_244,Rajabasa,3500,R3,2024-01-20,Lunas,200689
PLN00245,Pelanggan_245,Rajabasa,1300,R2,2024-02-12,Lunas,802436
PLN00246,Pelanggan_246,Rajabasa,1300,R1,2024-03-28,Lunas,546636
PLN00247,Pelanggan_247,Teluk Betung,1300,R1,2024-01-17,Tunggak,756031
PLN00248,Pelanggan_248,Kedaton,1300,R2,2024-03-05,Tunggak,362307
PLN00249,Pelanggan_249,Teluk Betung,450,R1,2024-01-12,Tunggak,403568
PLN00250,Pelanggan_250,Rajabasa,1300,R2,2024-04-29,Lunas,602754
PLN00251,Pelanggan_251,Kedaton,2200,R2,2024-02-23,Lunas,563547
PLN00252,Pelanggan_252,Teluk Betung,2200,R2,2024-04-24,Tunggak,503850
PLN00253,Pelanggan_253,Teluk Betung,450,R2,2024-04-15,Lunas,235870
PLN00254,Pelanggan_254,Rajabasa,1300,R2,2024-01-12,Lunas,384564
PLN00255,Pelanggan_255,Kedaton,1300,R3,2024-05-08,Lunas,610259
PLN00256,Pelanggan_256,Rajabasa,1300,R1,2024-02-14,Lunas,744863
PLN00257,Pelanggan_257,Kedaton,3500,R3,2024-04-17,Tunggak,882518
PLN00258,Pelanggan_258,Panjang,900,R1,2024-01-12,Lunas,391444
PLN00259,Pelanggan_259,Tanjung Karang,3500,R3,2024-02-11,Lunas,976313
PLN00260,Pelanggan_260,Tanjung Karang,900,R2,2024-02-16,Tunggak,110749
PLN00261,Pelanggan_261,Tanjung Karang,1300,R1,2024-02-29,Lunas,728419
PLN00262,Pelanggan_262,Rajabasa,1300,R1,2024-01-12,Tunggak,780481
PLN00263,Pelanggan_263,Panjang,3500,R3,2024-04-11,Lunas,399631
PLN00264,Pelanggan_264,Kedaton,3500,R3,2024-05-20,Lunas,325019
PLN00265,Pelanggan_265,Teluk Betung,900,R1,2024-04-23,Lunas,526577
PLN00266,Pelanggan_266,Kedaton,2200,R3,2024-04-16,Lunas,907655
PLN00267,Pelanggan_267,Teluk Betung,900,R3,2024-02-25,Tunggak,697218
PLN00268,Pelanggan_268,Kedaton,3500,R3,2024-01-06,Lunas,769416
PLN00269,Pelanggan_269,Panjang,3500,R2,2024-05-15,Tunggak,390524
PLN00270,Pelanggan_270,Teluk Betung,450,R2,2024-01-22,Tunggak,912467
PLN00271,Pelanggan_271,Rajabasa,3500,R3,2024-01-15,Lunas,917052
PLN00272,Pelanggan_272,Kedaton,450,R3,2024-05-05,Tunggak,356553
PLN00273,Pelanggan_273,Kedaton,2200,R2,2024-03-04,Lunas,548532
PLN00274,Pelanggan_274,Teluk Betung,900,R2,2024-04-27,Lunas,819401
PLN00275,Pelanggan_275,Rajabasa,900,R1,2024-04-13,Tunggak,479504
PLN00276,Pelanggan_276,Rajabasa,450,R1,2024-02-25,Tunggak,153352
PLN00277,Pelanggan_277,Panjang,900,R2,2024-05-10,Tunggak,524127
PLN00278,Pelanggan_278,Rajabasa,3500,R3,2024-02-21,Lunas,263856
PLN00279,Pelanggan_279,Rajabasa,1300,R3,2024-01-31,Lunas,103191
PLN00280,Pelanggan_280,Rajabasa,450,R3,2024-05-15,Tunggak,976968
PLN00281,Pelanggan_281,Tanjung Karang,900,R3,2024-02-24,Lunas,728864
PLN00282,Pelanggan_282,Panjang,450,R1,2024-01-16,Lunas,295713
PLN00283,Pelanggan_283,Kedaton,450,R2,2024-01-10,Tunggak,542939
PLN00284,Pelanggan_284,Teluk Betung,1300,R3,2024-04-21,Lunas,103631
PLN00285,Pelanggan_285,Kedaton,3500,R1,2024-05-04,Lunas,237244
PLN00286,Pelanggan_286,Panjang,450,R3,2024-01-24,Lunas,404224
PLN00287,Pelanggan_287,Teluk Betung,900,R2,2024-05-20,Tunggak,320169
PLN00288,Pelanggan_288,Panjang,2200,R1,2024-05-08,Tunggak,714641
PLN00289,Pelanggan_289,Rajabasa,450,R2,2024-05-24,Tunggak,513497
PLN00290,Pelanggan_290,Teluk Betung,450,R2,2024-03-04,Lunas,652959
PLN00291,Pelanggan_291,Rajabasa,1300,R1,2024-03-12,Tunggak,747099
PLN00292,Pelanggan_292,Kedaton,3500,R1,2024-03-02,Lunas,806791
PLN00293,Pelanggan_293,Kedaton,2200,R1,2024-02-12,Lunas,321972
PLN00294,Pelanggan_294,Teluk Betung,900,R1,2024-04-04,Lunas,877499
PLN00295,Pelanggan_295,Teluk Betung,2200,R1,2024-03-31,Lunas,489878
PLN00296,Pelanggan_296,Panjang,900,R1,2024-05-02,Lunas,848321
PLN00297,Pelanggan_297,Panjang,3500,R1,2024-03-13,Lunas,608679
PLN00298,Pelanggan_298,Rajabasa,900,R3,2024-02-01,Lunas,521818
PLN00299,Pelanggan_299,Teluk Betung,1300,R2,2024-02-10,Tunggak,844149
PLN00300,Pelanggan_300,Kedaton,1300,R1,2024-03-22,Lunas,937831
PLN00301,Pelanggan_301,Panjang,1300,R3,2024-03-14,Tunggak,778832
PLN00302,Pelanggan_302,Panjang,1300,R3,2024-01-08,Tunggak,804590
PLN00303,Pelanggan_303,Kedaton,2200,R3,2024-04-09,Tunggak,107099
PLN00304,Pelanggan_304,Panjang,3500,R2,2024-01-24,Lunas,873974
PLN00305,Pelanggan_305,Rajabasa,900,R1,2024-05-01,Tunggak,518647
PLN00306,Pelanggan_306,Teluk Betung,900,R3,2024-01-15,Tunggak,680780
PLN00307,Pelanggan_307,Kedaton,1300,R2,2024-02-12,Tunggak,196722
PLN00308,Pelanggan_308,Teluk Betung,1300,R2,2024-03-08,Tunggak,654399
PLN00309,Pelanggan_309,Panjang,450,R2,2024-05-24,Lunas,163936
PLN00310,Pelanggan_310,Panjang,3500,R3,2024-03-23,Lunas,777974
PLN00311,Pelanggan_311,Kedaton,2200,R1,2024-03-29,Tunggak,323332
PLN00312,Pelanggan_312,Rajabasa,900,R3,2024-04-22,Lunas,825836
PLN00313,Pelanggan_313,Tanjung Karang,450,R3,2024-01-12,Lunas,873319
PLN00314,Pelanggan_314,Kedaton,450,R1,2024-01-30,Tunggak,423064
PLN00315,Pelanggan_315,Tanjung Karang,900,R1,2024-03-03,Tunggak,587510
PLN00316,Pelanggan_316,Tanjung Karang,2200,R1,2024-02-28,Lunas,163530
PLN00317,Pelanggan_317,Rajabasa,450,R2,2024-05-01,Lunas,529440
PLN00318,Pelanggan_318,Tanjung Karang,450,R1,2024-05-10,Tunggak,369932
PLN00319,Pelanggan_319,Tanjung Karang,3500,R3,2024-05-14,Lunas,652370
PLN00320,Pelanggan_320,Rajabasa,2200,R1,2024-05-30,Tunggak,713858
PLN00321,Pelanggan_321,Tanjung Karang,450,R3,2024-02-19,Lunas,725303
PLN00322,Pelanggan_322,Tanjung Karang,2200,R2,2024-03-14,Tunggak,832176
PLN00323,Pelanggan_323,Tanjung Karang,900,R3,2024-02-16,Tunggak,970020
PLN00324,Pelanggan_324,Kedaton,1300,R3,2024-01-30,Tunggak,247603
PLN00325,Pelanggan_325,Kedaton,450,R1,2024-01-09,Lunas,974772
PLN00326,Pelanggan_326,Kedaton,3500,R1,2024-01-30,Lunas,718727
PLN00327,Pelanggan_327,Rajabasa,900,R3,2024-04-26,Tunggak,241214
PLN00328,Pelanggan_328,Panjang,2200,R1,2024-04-11,Tunggak,739341
PLN00329,Pelanggan_329,Tanjung Karang,900,R2,2024-05-14,Lunas,672643
PLN00330,Pelanggan_330,Tanjung Karang,450,R2,2024-02-11,Tunggak,503082
PLN00331,Pelanggan_331,Rajabasa,2200,R1,2024-01-07,Tunggak,301139
PLN00332,Pelanggan_332,Tanjung Karang,1300,R2,2024-02-26,Lunas,858994
PLN00333,Pelanggan_333,Kedaton,900,R1,2024-02-08,Tunggak,749714
PLN00334,Pelanggan_334,Panjang,450,R3,2024-01-12,Lunas,688315
PLN00335,Pelanggan_335,Teluk Betung,3500,R3,2024-01-29,Lunas,551122
PLN00336,Pelanggan_336,Tanjung Karang,2200,R2,2024-01-24,Tunggak,259210
PLN00337,Pelanggan_337,Kedaton,900,R1,2024-02-26,Tunggak,192601
PLN00338,Pelanggan_338,Teluk Betung,900,R1,2024-01-28,Tunggak,129956
PLN00339,Pelanggan_339,Panjang,1300,R2,2024-01-23,Lunas,338340
PLN00340,Pelanggan_340,Teluk Betung,1300,R3,2024-03-10,Lunas,729085
PLN00341,Pelanggan_341,Kedaton,3500,R2,2024-01-01,Lunas,569511
PLN00342,Pelanggan_342,Teluk Betung,3500,R3,2024-05-03,Tunggak,760799
PLN00343,Pelanggan_343,Rajabasa,450,R1,2024-01-23,Lunas,928965
PLN00344,Pelanggan_344,Teluk Betung,450,R3,2024-04-26,Lunas,521486
PLN00345,Pelanggan_345,Tanjung Karang,3500,R2,2024-05-23,Lunas,703103
PLN00346,Pelanggan_346,Tanjung Karang,3500,R1,2024-03-11,Lunas,139279
PLN00347,Pelanggan_347,Rajabasa,2200,R2,2024-01-22,Lunas,471931
PLN00348,Pelanggan_348,Kedaton,1300,R2,2024-02-19,Lunas,248702
PLN00349,Pelanggan_349,Tanjung Karang,450,R3,2024-05-13,Lunas,161063
PLN00350,Pelanggan_350,Panjang,1300,R2,2024-02-16,Tunggak,873887
PLN00351,Pelanggan_351,Tanjung Karang,1300,R3,2024-03-24,Tunggak,354311
PLN00352,Pelanggan_352,Tanjung Karang,3500,R1,2024-03-18,Lunas,752184
PLN00353,Pelanggan_353,Kedaton,2200,R3,2024-04-30,Tunggak,790504
PLN00354,Pelanggan_354,Teluk Betung,900,R1,2024-01-05,Lunas,545377
PLN00355,Pelanggan_355,Tanjung Karang,2200,R3,2024-02-11,Lunas,589934
PLN00356,Pelanggan_356,Rajabasa,2200,R2,2024-01-19,Lunas,619089
PLN00357,Pelanggan_357,Teluk Betung,1300,R3,2024-02-08,Tunggak,846434
PLN00358,Pelanggan_358,Panjang,2200,R3,2024-01-25,Tunggak,308432
PLN00359,Pelanggan_359,Kedaton,450,R1,2024-02-12,Tunggak,282051
PLN00360,Pelanggan_360,Panjang,1300,R2,2024-03-27,Lunas,197661
PLN00361,Pelanggan_361,Teluk Betung,450,R3,2024-01-15,Lunas,797960
PLN00362,Pelanggan_362,Teluk Betung,900,R2,2024-04-14,Lunas,552776
PLN00363,Pelanggan_363,Teluk Betung,1300,R3,2024-05-05,Lunas,571256
PLN00364,Pelanggan_364,Panjang,900,R3,2024-02-27,Lunas,223257
PLN00365,Pelanggan_365,Teluk Betung,1300,R2,2024-04-22,Lunas,972637
PLN00366,Pelanggan_366,Panjang,3500,R3,2024-03-12,Tunggak,369054
PLN00367,Pelanggan_367,Teluk Betung,2200,R2,2024-05-25,Lunas,933289
PLN00368,Pelanggan_368,Rajabasa,3500,R3,2024-03-18,Tunggak,659252
PLN00369,Pelanggan_369,Teluk Betung,900,R1,2024-05-01,Tunggak,518443
PLN00370,Pelanggan_370,Panjang,2200,R2,2024-02-17,Lunas,903585
PLN00371,Pelanggan_371,Tanjung Karang,1300,R3,2024-04-14,Tunggak,421909
PLN00372,Pelanggan_372,Teluk Betung,2200,R3,2024-03-29,Lunas,854444
PLN00373,Pelanggan_373,Tanjung Karang,450,R1,2024-04-20,Lunas,732500
PLN00374,Pelanggan_374,Rajabasa,2200,R2,2024-04-22,Lunas,663359
PLN00375,Pelanggan_375,Kedaton,450,R3,2024-01-11,Tunggak,212990
PLN00376,Pelanggan_376,Rajabasa,2200,R1,2024-04-25,Lunas,169519
PLN00377,Pelanggan_377,Teluk Betung,450,R3,2024-03-30,Lunas,109503
PLN00378,Pelanggan_378,Tanjung Karang,900,R2,2024-03-25,Lunas,291775
PLN00379,Pelanggan_379,Tanjung Karang,3500,R3,2024-04-14,Lunas,719745
PLN00380,Pelanggan_380,Panjang,1300,R3,2024-03-16,Tunggak,813226
PLN00381,Pelanggan_381,Tanjung Karang,2200,R3,2024-05-21,Lunas,247977
PLN00382,Pelanggan_382,Panjang,3500,R3,2024-01-12,Tunggak,670126
PLN00383,Pelanggan_383,Kedaton,1300,R1,2024-05-08,Lunas,551495
PLN00384,Pelanggan_384,Teluk Betung,1300,R1,2024-02-03,Lunas,713777
PLN00385,Pelanggan_385,Panjang,450,R2,2024-03-15,Lunas,126806
PLN00386,Pelanggan_386,Kedaton,900,R1,2024-04-22,Lunas,276072
PLN00387,Pelanggan_387,Tanjung Karang,900,R1,2024-02-24,Lunas,515384
PLN00388,Pelanggan_388,Tanjung Karang,3500,R2,2024-03-05,Lunas,170119
PLN00389,Pelanggan_389,Kedaton,900,R1,2024-03-15,Lunas,925146
PLN00390,Pelanggan_390,Tanjung Karang,2200,R1,2024-02-13,Lunas,285165
PLN00391,Pelanggan_391,Kedaton,900,R2,2024-01-12,Tunggak,941851
PLN00392,Pelanggan_392,Panjang,3500,R2,2024-04-05,Tunggak,729720
PLN00393,Pelanggan_393,Panjang,900,R2,2024-05-16,Lunas,570641
PLN00394,Pelanggan_394,Kedaton,2200,R3,2024-04-08,Tunggak,979381
PLN00395,Pelanggan_395,Panjang,450,R3,2024-03-16,Lunas,571027
PLN00396,Pelanggan_396,Panjang,3500,R2,2024-04-01,Tunggak,507507
PLN00397,Pelanggan_397,Panjang,450,R2,2024-02-16,Lunas,802164
PLN00398,Pelanggan_398,Rajabasa,450,R2,2024-04-14,Lunas,963403
PLN00399,Pelanggan_399,Teluk Betung,450,R3,2024-04-25,Lunas,979903
PLN00400,Pelanggan_400,Tanjung Karang,1300,R3,2024-05-10,Lunas,951378
PLN00401,Pelanggan_401,Rajabasa,1300,R1,2024-03-24,Lunas,985421
PLN00402,Pelanggan_402,Panjang,450,R1,2024-05-05,Lunas,184080
PLN00403,Pelanggan_403,Kedaton,3500,R2,2024-01-16,Lunas,352791
PLN00404,Pelanggan_404,Panjang,2200,R3,2024-04-23,Tunggak,177794
PLN00405,Pelanggan_405,Teluk Betung,2200,R3,2024-04-26,Lunas,392985
PLN00406,Pelanggan_406,Panjang,900,R3,2024-03-06,Lunas,224447
PLN00407,Pelanggan_407,Kedaton,3500,R2,2024-03-30,Tunggak,220029
PLN00408,Pelanggan_408,Teluk Betung,1300,R1,2024-02-03,Tunggak,279830
PLN00409,Pelanggan_409,Panjang,450,R2,2024-05-19,Lunas,607942
PLN00410,Pelanggan_410,Teluk Betung,900,R1,2024-05-21,Tunggak,438416
PLN00411,Pelanggan_411,Tanjung Karang,2200,R1,2024-03-11,Tunggak,661931
PLN00412,Pelanggan_412,Tanjung Karang,1300,R2,2024-04-13,Lunas,406094
PLN00413,Pelanggan_413,Panjang,1300,R1,2024-04-17,Lunas,287921
PLN00414,Pelanggan_414,Teluk Betung,450,R1,2024-04-05,Lunas,462644
PLN00415,Pelanggan_415,Kedaton,2200,R3,2024-04-26,Lunas,783404
PLN00416,Pelanggan_416,Panjang,3500,R1,2024-03-22,Lunas,598685
PLN00417,Pelanggan_417,Tanjung Karang,1300,R2,2024-04-25,Lunas,487732
PLN00418,Pelanggan_418,Tanjung Karang,450,R2,2024-04-06,Tunggak,640285
PLN00419,Pelanggan_419,Panjang,3500,R1,2024-01-02,Lunas,966183
PLN00420,Pelanggan_420,Teluk Betung,2200,R3,2024-04-09,Tunggak,722893
PLN00421,Pelanggan_421,Tanjung Karang,1300,R3,2024-04-08,Lunas,941965
PLN00422,Pelanggan_422,Teluk Betung,3500,R1,2024-01-12,Lunas,444710
PLN00423,Pelanggan_423,Tanjung Karang,3500,R1,2024-02-21,Lunas,850230
PLN00424,Pelanggan_424,Tanjung Karang,3500,R2,2024-02-28,Tunggak,769931
PLN00425,Pelanggan_425,Rajabasa,1300,R1,2024-04-23,Lunas,732543
PLN00426,Pelanggan_426,Tanjung Karang,1300,R3,2024-03-01,Lunas,884586
PLN00427,Pelanggan_427,Kedaton,900,R1,2024-02-18,Tunggak,551157
PLN00428,Pelanggan_428,Panjang,2200,R2,2024-01-20,Tunggak,158005
PLN00429,Pelanggan_429,Panjang,450,R2,2024-02-16,Lunas,317322
PLN00430,Pelanggan_430,Teluk Betung,3500,R2,2024-03-11,Tunggak,289784
PLN00431,Pelanggan_431,Tanjung Karang,900,R2,2024-03-22,Lunas,667829
PLN00432,Pelanggan_432,Kedaton,450,R2,2024-03-09,Lunas,123387
PLN00433,Pelanggan_433,Teluk Betung,900,R1,2024-05-20,Tunggak,980412
PLN00434,Pelanggan_434,Rajabasa,1300,R1,2024-02-10,Lunas,804268
PLN00435,Pelanggan_435,Teluk Betung,3500,R1,2024-05-21,Tunggak,185457
PLN00436,Pelanggan_436,Teluk Betung,450,R1,2024-04-26,Lunas,244129
PLN00437,Pelanggan_437,Tanjung Karang,450,R2,2024-02-24,Tunggak,688316
PLN00438,Pelanggan_438,Rajabasa,450,R3,2024-02-29,Tunggak,743534
PLN00439,Pelanggan_439,Teluk Betung,450,R1,2024-03-20,Lunas,417875
PLN00440,Pelanggan_440,Kedaton,450,R3,2024-03-21,Lunas,780218
PLN00441,Pelanggan_441,Kedaton,900,R1,2024-01-29,Lunas,279761
PLN00442,Pelanggan_442,Panjang,3500,R1,2024-04-25,Lunas,668926
PLN00443,Pelanggan_443,Rajabasa,1300,R3,2024-03-08,Lunas,584814
PLN00444,Pelanggan_444,Rajabasa,1300,R2,2024-04-05,Tunggak,277558
PLN00445,Pelanggan_445,Panjang,1300,R1,2024-04-06,Tunggak,644855
PLN00446,Pelanggan_446,Teluk Betung,1300,R1,2024-02-03,Lunas,522955
PLN00447,Pelanggan_447,Rajabasa,900,R1,2024-05-25,Lunas,682092
PLN00448,Pelanggan_448,Kedaton,2200,R3,2024-03-22,Lunas,470965
PLN00449,Pelanggan_449,Kedaton,3500,R2,2024-05-17,Tunggak,103754
PLN00450,Pelanggan_450,Tanjung Karang,450,R3,2024-04-30,Tunggak,651332
PLN00451,Pelanggan_451,Rajabasa,2200,R3,2024-05-27,Lunas,167260
PLN00452,Pelanggan_452,Teluk Betung,1300,R2,2024-02-03,Lunas,166912
PLN00453,Pelanggan_453,Panjang,2200,R3,2024-05-26,Lunas,356695
PLN00454,Pelanggan_454,Panjang,3500,R2,2024-05-15,Lunas,632994
PLN00455,Pelanggan_455,Teluk Betung,450,R1,2024-01-26,Lunas,895326
PLN00456,Pelanggan_456,Tanjung Karang,450,R2,2024-05-21,Tunggak,446130
PLN00457,Pelanggan_457,Panjang,3500,R1,2024-01-15,Lunas,968374
PLN00458,Pelanggan_458,Rajabasa,3500,R3,2024-03-12,Tunggak,806972
PLN00459,Pelanggan_459,Tanjung Karang,1300,R3,2024-02-28,Tunggak,129725
PLN00460,Pelanggan_460,Rajabasa,450,R1,2024-05-30,Lunas,236998
PLN00461,Pelanggan_461,Kedaton,2200,R3,2024-01-07,Lunas,204555
PLN00462,Pelanggan_462,Tanjung Karang,900,R2,2024-04-05,Lunas,361486
PLN00463,Pelanggan_463,Panjang,900,R1,2024-01-31,Tunggak,895928
PLN00464,Pelanggan_464,Tanjung Karang,3500,R3,2024-03-10,Tunggak,680735
PLN00465,Pelanggan_465,Tanjung Karang,1300,R1,2024-02-13,Tunggak,988036
PLN00466,Pelanggan_466,Tanjung Karang,900,R2,2024-01-05,Tunggak,785166
PLN00467,Pelanggan_467,Tanjung Karang,450,R2,2024-02-05,Lunas,974631
PLN00468,Pelanggan_468,Rajabasa,3500,R3,2024-05-07,Tunggak,665609
PLN00469,Pelanggan_469,Kedaton,2200,R2,2024-04-26,Lunas,877401
PLN00470,Pelanggan_470,Teluk Betung,3500,R1,2024-03-06,Tunggak,333103
PLN00471,Pelanggan_471,Tanjung Karang,2200,R2,2024-01-31,Tunggak,515872
PLN00472,Pelanggan_472,Panjang,3500,R1,2024-01-27,Tunggak,155147
PLN00473,Pelanggan_473,Tanjung Karang,3500,R1,2024-04-08,Lunas,715684
PLN00474,Pelanggan_474,Panjang,3500,R2,2024-03-30,Lunas,542882
PLN00475,Pelanggan_475,Rajabasa,2200,R3,2024-05-02,Lunas,575584
PLN00476,Pelanggan_476,Panjang,2200,R2,2024-05-13,Lunas,400931
PLN00477,Pelanggan_477,Teluk Betung,3500,R1,2024-04-19,Lunas,344839
PLN00478,Pelanggan_478,Kedaton,900,R1,2024-01-07,Tunggak,556162
PLN00479,Pelanggan_479,Panjang,1300,R2,2024-04-20,Tunggak,646015
PLN00480,Pelanggan_480,Panjang,1300,R3,2024-01-11,Lunas,863711
PLN00481,Pelanggan_481,Kedaton,1300,R3,2024-04-21,Lunas,195081
PLN00482,Pelanggan_482,Teluk Betung,2200,R1,2024-03-17,Tunggak,484865
PLN00483,Pelanggan_483,Tanjung Karang,2200,R1,2024-05-23,Lunas,865418
PLN00484,Pelanggan_484,Panjang,900,R3,2024-03-27,Lunas,692344
PLN00485,Pelanggan_485,Kedaton,1300,R2,2024-02-26,Tunggak,758441
PLN00486,Pelanggan_486,Rajabasa,1300,R1,2024-04-27,Lunas,789556
PLN00487,Pelanggan_487,Kedaton,3500,R1,2024-04-13,Lunas,792095
PLN00488,Pelanggan_488,Rajabasa,2200,R3,2024-03-10,Lunas,860109
PLN00489,Pelanggan_489,Teluk Betung,1300,R2,2024-05-10,Tunggak,180102
PLN00490,Pelanggan_490,Tanjung Karang,900,R3,2024-05-23,Tunggak,256570
PLN00491,Pelanggan_491,Kedaton,900,R2,2024-02-04,Lunas,701153
PLN00492,Pelanggan_492,Panjang,1300,R2,2024-01-13,Lunas,787016
PLN00493,Pelanggan_493,Teluk Betung,2200,R2,2024-04-15,Lunas,167695
PLN00494,Pelanggan_494,Kedaton,900,R1,2024-05-02,Lunas,531116
PLN00495,Pelanggan_495,Panjang,3500,R3,2024-03-21,Tunggak,621608
PLN00496,Pelanggan_496,Kedaton,900,R3,2024-03-16,Lunas,217235
PLN00497,Pelanggan_497,Rajabasa,450,R2,2024-02-17,Tunggak,540917
PLN00498,Pelanggan_498,Kedaton,450,R1,2024-04-08,Lunas,733065
PLN00499,Pelanggan_499,Kedaton,2200,R1,2024-05-25,Lunas,119033
PLN00500,Pelanggan_500,Kedaton,1300,R3,2024-03-22,Tunggak,616409
